CountryName,CountryCode,Indicator.Name,Indicator.Code,1995,1996,1997,1998,1999,2000,2001,2002,2003,2004,2005,2006,2007,2008,2009,2010,2011,2012
Aruba,ABW,"Life expectancy at birth, total (years)",SP.DYN.LE00.IN,73.56,73.59,73.61,73.64,73.68,73.72,73.78,73.87,73.97,74.09,74.23,74.38,74.53,74.67,74.82,74.95,75.08,75.21
Afghanistan,AFG,"Life expectancy at birth, total (years)",SP.DYN.LE00.IN,52.38,52.97,53.51,53.99,54.43,54.85,55.26,55.67,56.11,56.57,57.06,57.57,58.09,58.61,59.11,59.60,60.07,60.51
Angola,AGO,"Life expectancy at birth, total (years)",SP.DYN.LE00.IN,42.05,42.50,43.06,43.71,44.44,45.20,45.97,46.71,47.39,48.00,48.54,49.01,49.44,49.85,50.25,50.65,51.06,51.46
Albania,ALB,"Life expectancy at birth, total (years)",SP.DYN.LE00.IN,72.24,72.53,72.90,73.33,73.79,74.27,74.73,75.16,75.53,75.84,76.09,76.29,76.46,76.63,76.80,76.98,77.16,77.35
Arab World,ARB,"Life expectancy at birth, total (years)",SP.DYN.LE00.IN,66.34,66.65,66.95,67.21,67.46,67.67,67.87,68.05,68.23,68.41,68.60,68.79,68.99,69.19,69.38,69.57,69.76,69.95
United Arab Emirates,ARE,"Life expectancy at birth, total (years)",SP.DYN.LE00.IN,73.12,73.39,73.65,73.91,74.16,74.41,74.65,74.89,75.12,75.36,75.58,75.80,76.01,76.21,76.41,76.60,76.78,76.96
Argentina,ARG,"Life expectancy at birth, total (years)",SP.DYN.LE00.IN,72.66,72.89,73.10,73.32,73.53,73.75,73.95,74.16,74.36,74.56,74.75,74.94,75.13,75.31,75.49,75.66,75.84,76.01
Armenia,ARM,"Life expectancy at birth, total (years)",SP.DYN.LE00.IN,68.76,69.22,69.72,70.24,70.77,71.28,71.76,72.20,72.61,72.97,73.29,73.55,73.76,73.94,74.09,74.22,74.33,74.44
Antigua and Barbuda,ATG,"Life expectancy at birth, total (years)",SP.DYN.LE00.IN,72.32,72.54,72.76,72.97,73.19,73.40,73.61,73.81,74.02,74.22,74.42,74.62,74.80,74.99,75.16,75.33,75.50,75.67
Australia,AUS,"Life expectancy at birth, total (years)",SP.DYN.LE00.IN,77.83,78.08,78.48,78.63,78.93,79.23,79.63,79.94,80.24,80.49,80.84,81.04,81.29,81.40,81.54,81.70,81.90,82.10
Austria,AUT,"Life expectancy at birth, total (years)",SP.DYN.LE00.IN,76.72,76.98,77.39,77.57,77.78,78.03,78.53,78.68,78.63,79.18,79.33,79.83,79.98,80.23,80.08,80.38,80.98,80.94
Azerbaijan,AZE,"Life expectancy at birth, total (years)",SP.DYN.LE00.IN,64.58,64.99,65.46,65.92,66.36,66.76,67.15,67.56,68.00,68.47,68.94,69.37,69.76,70.06,70.29,70.45,70.55,70.62
Burundi,BDI,"Life expectancy at birth, total (years)",SP.DYN.LE00.IN,46.61,46.90,47.25,47.59,47.91,48.21,48.49,48.80,49.16,49.56,50.01,50.50,51.02,51.56,52.09,52.62,53.14,53.63
Belgium,BEL,"Life expectancy at birth, total (years)",SP.DYN.LE00.IN,76.84,77.19,77.37,77.47,77.62,77.72,77.97,78.08,78.13,78.88,78.98,79.38,79.78,79.68,79.98,80.23,80.59,80.39
Benin,BEN,"Life expectancy at birth, total (years)",SP.DYN.LE00.IN,54.82,54.83,54.84,54.89,55.00,55.19,55.47,55.81,56.21,56.63,57.07,57.49,57.87,58.22,58.51,58.75,58.94,59.12
Burkina Faso,BFA,"Life expectancy at birth, total (years)",SP.DYN.LE00.IN,49.34,49.47,49.65,49.88,50.15,50.48,50.86,51.27,51.72,52.18,52.66,53.14,53.62,54.09,54.56,55.01,55.44,55.86
Bangladesh,BGD,"Life expectancy at birth, total (years)",SP.DYN.LE00.IN,62.69,63.24,63.78,64.31,64.83,65.32,65.79,66.24,66.67,67.09,67.49,67.89,68.28,68.68,69.08,69.49,69.89,70.29
Bulgaria,BGR,"Life expectancy at birth, total (years)",SP.DYN.LE00.IN,71.05,70.90,70.35,71.06,71.41,71.66,71.77,71.87,72.07,72.56,72.56,72.61,72.66,72.96,73.41,73.51,74.16,74.31
Bahrain,BHR,"Life expectancy at birth, total (years)",SP.DYN.LE00.IN,73.56,73.77,73.99,74.20,74.40,74.59,74.78,74.96,75.14,75.32,75.49,75.66,75.82,75.98,76.12,76.26,76.40,76.54
"Bahamas, The",BHS,"Life expectancy at birth, total (years)",SP.DYN.LE00.IN,71.26,71.39,71.55,71.75,71.98,72.25,72.55,72.84,73.13,73.39,73.64,73.86,74.06,74.25,74.42,74.59,74.75,74.91
Bosnia and Herzegovina,BIH,"Life expectancy at birth, total (years)",SP.DYN.LE00.IN,68.23,69.94,71.62,73.03,74.06,74.67,74.92,74.99,75.01,75.04,75.11,75.23,75.37,75.51,75.66,75.81,75.96,76.12
Belarus,BLR,"Life expectancy at birth, total (years)",SP.DYN.LE00.IN,68.46,68.61,68.46,68.41,67.91,68.91,68.51,68.06,68.55,68.96,68.85,69.40,70.20,70.46,70.41,70.40,70.65,72.06
Belize,BLZ,"Life expectancy at birth, total (years)",SP.DYN.LE00.IN,70.14,70.06,70.06,70.14,70.31,70.54,70.82,71.14,71.45,71.76,72.05,72.31,72.56,72.81,73.04,73.27,73.49,73.70
Bolivia,BOL,"Life expectancy at birth, total (years)",SP.DYN.LE00.IN,61.09,61.48,61.86,62.23,62.59,62.95,63.32,63.67,64.02,64.36,64.70,65.03,65.36,65.69,66.01,66.32,66.63,66.93
Brazil,BRA,"Life expectancy at birth, total (years)",SP.DYN.LE00.IN,68.48,68.86,69.23,69.59,69.93,70.26,70.57,70.87,71.16,71.44,71.72,71.99,72.26,72.53,72.80,73.08,73.35,73.62
Barbados,BRB,"Life expectancy at birth, total (years)",SP.DYN.LE00.IN,72.00,72.21,72.42,72.62,72.82,73.02,73.21,73.40,73.59,73.77,73.95,74.12,74.30,74.47,74.64,74.80,74.97,75.13
Brunei Darussalam,BRN,"Life expectancy at birth, total (years)",SP.DYN.LE00.IN,74.93,75.16,75.38,75.60,75.82,76.03,76.24,76.44,76.64,76.84,77.03,77.22,77.42,77.61,77.80,77.99,78.18,78.37
Bhutan,BTN,"Life expectancy at birth, total (years)",SP.DYN.LE00.IN,56.45,57.24,58.01,58.78,59.54,60.29,61.04,61.80,62.55,63.30,64.03,64.72,65.37,65.96,66.51,67.00,67.46,67.89
Botswana,BWA,"Life expectancy at birth, total (years)",SP.DYN.LE00.IN,57.68,56.17,54.64,53.14,51.74,50.49,49.41,48.50,47.75,47.16,46.73,46.45,46.30,46.25,46.30,46.44,46.67,46.99
Central African Republic,CAF,"Life expectancy at birth, total (years)",SP.DYN.LE00.IN,44.15,43.95,43.81,43.71,43.67,43.69,43.79,43.96,44.22,44.57,45.00,45.51,46.09,46.73,47.40,48.10,48.79,49.48
Canada,CAN,"Life expectancy at birth, total (years)",SP.DYN.LE00.IN,77.98,78.23,78.48,78.66,78.88,79.24,79.49,79.59,79.84,80.14,80.29,80.64,80.37,80.54,80.72,80.89,81.07,81.24
Switzerland,CHE,"Life expectancy at birth, total (years)",SP.DYN.LE00.IN,78.42,78.90,79.08,79.32,79.58,79.68,80.18,80.39,80.54,81.09,81.24,81.49,81.74,81.99,82.04,82.25,82.70,82.70
Channel Islands,CHI,"Life expectancy at birth, total (years)",SP.DYN.LE00.IN,76.44,76.63,76.83,77.05,77.28,77.52,77.79,78.05,78.32,78.59,78.84,79.08,79.30,79.49,79.67,79.83,79.98,80.12
Chile,CHL,"Life expectancy at birth, total (years)",SP.DYN.LE00.IN,74.99,75.29,75.62,75.98,76.37,76.76,77.13,77.46,77.74,77.96,78.14,78.29,78.44,78.62,78.82,79.05,79.31,79.57
China,CHN,"Life expectancy at birth, total (years)",SP.DYN.LE00.IN,70.33,70.56,70.86,71.23,71.67,72.14,72.62,73.07,73.47,73.79,74.05,74.26,74.42,74.58,74.73,74.89,75.04,75.20
Cote d'Ivoire,CIV,"Life expectancy at birth, total (years)",SP.DYN.LE00.IN,49.60,48.81,48.06,47.39,46.84,46.45,46.27,46.28,46.46,46.79,47.23,47.74,48.27,48.79,49.26,49.68,50.05,50.40
Cameroon,CMR,"Life expectancy at birth, total (years)",SP.DYN.LE00.IN,53.22,52.99,52.73,52.45,52.17,51.94,51.76,51.66,51.64,51.72,51.89,52.15,52.48,52.86,53.26,53.69,54.14,54.59
"Congo, Rep.",COG,"Life expectancy at birth, total (years)",SP.DYN.LE00.IN,52.95,52.68,52.47,52.33,52.27,52.30,52.44,52.69,53.05,53.50,54.03,54.63,55.28,55.93,56.58,57.20,57.78,58.30
Colombia,COL,"Life expectancy at birth, total (years)",SP.DYN.LE00.IN,69.43,69.75,70.07,70.39,70.70,70.99,71.26,71.52,71.77,72.02,72.26,72.50,72.72,72.94,73.16,73.37,73.57,73.78
Comoros,COM,"Life expectancy at birth, total (years)",SP.DYN.LE00.IN,56.71,56.94,57.18,57.41,57.65,57.88,58.11,58.35,58.58,58.82,59.05,59.29,59.52,59.75,59.98,60.20,60.43,60.64
Cabo Verde,CPV,"Life expectancy at birth, total (years)",SP.DYN.LE00.IN,67.50,67.88,68.29,68.71,69.14,69.59,70.05,70.51,70.97,71.42,71.87,72.30,72.71,73.11,73.49,73.86,74.21,74.54
Costa Rica,CRI,"Life expectancy at birth, total (years)",SP.DYN.LE00.IN,76.77,76.98,77.18,77.37,77.56,77.73,77.90,78.04,78.18,78.31,78.45,78.58,78.73,78.90,79.08,79.28,79.49,79.71
Caribbean small states,CSS,"Life expectancy at birth, total (years)",SP.DYN.LE00.IN,68.96,69.01,69.15,69.14,69.23,69.34,69.48,69.73,69.84,70.05,70.28,70.53,70.77,71.00,71.22,71.43,71.62,71.80
Cuba,CUB,"Life expectancy at birth, total (years)",SP.DYN.LE00.IN,75.41,75.68,75.95,76.21,76.45,76.67,76.87,77.07,77.28,77.49,77.71,77.93,78.14,78.34,78.53,78.72,78.89,79.07
Cyprus,CYP,"Life expectancy at birth, total (years)",SP.DYN.LE00.IN,77.27,77.42,77.56,77.70,77.84,77.97,78.10,78.23,78.35,78.48,78.60,78.73,78.86,79.00,79.15,79.31,79.47,79.64
Czech Republic,CZE,"Life expectancy at birth, total (years)",SP.DYN.LE00.IN,73.07,73.71,73.82,74.51,74.67,74.97,75.17,75.22,75.17,75.72,75.92,76.52,76.72,76.98,77.08,77.42,77.87,78.08
Germany,DEU,"Life expectancy at birth, total (years)",SP.DYN.LE00.IN,76.42,76.67,77.07,77.48,77.73,77.93,78.33,78.23,78.38,78.68,78.93,79.13,79.53,79.74,79.84,79.99,80.74,80.89
Djibouti,DJI,"Life expectancy at birth, total (years)",SP.DYN.LE00.IN,57.05,57.04,57.01,56.99,56.98,57.01,57.09,57.22,57.41,57.66,57.98,58.36,58.80,59.28,59.78,60.29,60.80,61.30
Denmark,DNK,"Life expectancy at birth, total (years)",SP.DYN.LE00.IN,75.21,75.59,75.95,76.14,76.34,76.59,76.79,76.90,77.14,77.49,77.84,78.10,78.20,78.45,78.60,79.10,79.80,80.05
Dominican Republic,DOM,"Life expectancy at birth, total (years)",SP.DYN.LE00.IN,69.72,69.92,70.09,70.26,70.44,70.63,70.84,71.05,71.26,71.48,71.69,71.91,72.13,72.35,72.57,72.79,73.01,73.23
Algeria,DZA,"Life expectancy at birth, total (years)",SP.DYN.LE00.IN,67.85,68.08,68.31,68.53,68.73,68.93,69.12,69.31,69.49,69.66,69.84,70.01,70.17,70.33,70.47,70.62,70.75,70.88
East Asia & Pacific (developing only),EAP,"Life expectancy at birth, total (years)",SP.DYN.LE00.IN,69.21,69.44,69.72,70.06,70.44,70.85,71.27,71.67,72.03,72.34,72.60,72.81,72.99,73.17,73.33,73.50,73.66,73.82
East Asia & Pacific (all income levels),EAS,"Life expectancy at birth, total (years)",SP.DYN.LE00.IN,70.18,70.44,70.72,71.03,71.39,71.81,72.22,72.60,72.94,73.25,73.48,73.72,73.90,74.07,74.26,74.40,74.55,74.73
Europe & Central Asia (developing only),ECA,"Life expectancy at birth, total (years)",SP.DYN.LE00.IN,67.34,67.54,67.90,68.24,68.61,69.02,69.34,69.49,69.71,69.94,70.07,70.33,70.59,70.82,71.28,71.61,72.01,72.27
Europe & Central Asia (all income levels),ECS,"Life expectancy at birth, total (years)",SP.DYN.LE00.IN,71.83,72.22,72.59,72.81,72.91,73.04,73.34,73.40,73.50,73.94,74.09,74.58,74.92,75.18,75.57,75.86,76.41,76.70
Ecuador,ECU,"Life expectancy at birth, total (years)",SP.DYN.LE00.IN,71.23,71.68,72.13,72.56,72.97,73.36,73.70,73.99,74.24,74.45,74.63,74.80,74.98,75.18,75.40,75.65,75.92,76.19
"Egypt, Arab Rep.",EGY,"Life expectancy at birth, total (years)",SP.DYN.LE00.IN,66.76,67.23,67.66,68.04,68.35,68.59,68.79,68.95,69.11,69.26,69.43,69.61,69.81,70.01,70.23,70.45,70.68,70.91
Euro area,EMU,"Life expectancy at birth, total (years)",SP.DYN.LE00.IN,77.05,77.30,77.66,77.87,78.09,78.34,78.65,78.76,78.76,79.36,79.50,79.95,80.18,80.43,80.63,80.87,81.46,81.61
Eritrea,ERI,"Life expectancy at birth, total (years)",SP.DYN.LE00.IN,52.40,53.23,54.01,54.74,55.41,56.03,56.59,57.12,57.63,58.13,58.63,59.13,59.64,60.15,60.66,61.19,61.71,62.23
Spain,ESP,"Life expectancy at birth, total (years)",SP.DYN.LE00.IN,77.98,78.12,78.60,78.67,78.72,78.97,79.37,79.57,79.62,79.87,80.17,80.82,80.87,81.18,81.48,81.63,82.48,82.38
Estonia,EST,"Life expectancy at birth, total (years)",SP.DYN.LE00.IN,67.54,69.61,69.81,69.36,70.06,70.42,70.26,70.90,71.32,71.91,72.57,72.69,72.81,73.77,74.82,75.43,76.23,76.43
Ethiopia,ETH,"Life expectancy at birth, total (years)",SP.DYN.LE00.IN,49.26,49.83,50.41,51.00,51.60,52.24,52.95,53.73,54.61,55.56,56.57,57.62,58.65,59.66,60.60,61.47,62.25,62.97
European Union,EUU,"Life expectancy at birth, total (years)",SP.DYN.LE00.IN,75.81,76.07,76.36,76.59,76.82,77.15,77.48,77.61,77.68,78.19,78.36,78.74,78.96,79.21,79.48,79.76,80.35,80.54
Finland,FIN,"Life expectancy at birth, total (years)",SP.DYN.LE00.IN,76.41,76.69,76.88,77.09,77.29,77.47,77.97,78.12,78.37,78.71,78.82,79.21,79.26,79.57,79.72,79.87,80.47,80.63
Fiji,FJI,"Life expectancy at birth, total (years)",SP.DYN.LE00.IN,66.64,66.84,67.04,67.23,67.42,67.61,67.79,67.97,68.14,68.32,68.49,68.67,68.84,69.02,69.20,69.38,69.56,69.74
France,FRA,"Life expectancy at birth, total (years)",SP.DYN.LE00.IN,77.75,77.95,78.30,78.60,78.76,79.06,79.16,79.26,79.11,80.16,80.16,80.81,81.11,81.21,81.41,81.66,82.11,82.57
"Micronesia, Fed. Sts.",FSM,"Life expectancy at birth, total (years)",SP.DYN.LE00.IN,66.76,66.87,66.97,67.07,67.17,67.28,67.38,67.50,67.64,67.78,67.92,68.08,68.22,68.37,68.50,68.62,68.74,68.85
Gabon,GAB,"Life expectancy at birth, total (years)",SP.DYN.LE00.IN,61.09,60.88,60.60,60.29,59.97,59.69,59.50,59.42,59.48,59.68,60.01,60.43,60.90,61.39,61.85,62.29,62.69,63.07
United Kingdom,GBR,"Life expectancy at birth, total (years)",SP.DYN.LE00.IN,76.84,77.09,77.21,77.19,77.39,77.74,77.99,78.14,78.45,78.75,79.05,79.25,79.45,79.60,80.05,80.40,80.95,81.50
Georgia,GEO,"Life expectancy at birth, total (years)",SP.DYN.LE00.IN,70.23,70.45,70.72,71.01,71.32,71.63,71.93,72.21,72.47,72.71,72.91,73.09,73.25,73.40,73.54,73.67,73.81,73.94
Ghana,GHA,"Life expectancy at birth, total (years)",SP.DYN.LE00.IN,57.50,57.34,57.16,57.02,56.95,56.99,57.15,57.42,57.79,58.22,58.70,59.19,59.64,60.03,60.35,60.60,60.79,60.95
Guinea,GIN,"Life expectancy at birth, total (years)",SP.DYN.LE00.IN,51.70,51.70,51.61,51.48,51.34,51.25,51.28,51.44,51.75,52.19,52.75,53.35,53.94,54.48,54.93,55.30,55.59,55.84
"Gambia, The",GMB,"Life expectancy at birth, total (years)",SP.DYN.LE00.IN,53.56,53.87,54.19,54.52,54.84,55.17,55.50,55.82,56.14,56.46,56.76,57.06,57.34,57.62,57.88,58.13,58.37,58.61
Guinea-Bissau,GNB,"Life expectancy at birth, total (years)",SP.DYN.LE00.IN,50.57,50.78,50.96,51.13,51.29,51.45,51.61,51.78,51.97,52.17,52.38,52.61,52.84,53.08,53.32,53.56,53.80,54.03
Equatorial Guinea,GNQ,"Life expectancy at birth, total (years)",SP.DYN.LE00.IN,47.62,47.69,47.72,47.73,47.74,47.76,47.84,47.98,48.19,48.49,48.87,49.33,49.85,50.40,50.97,51.53,52.08,52.61
Greece,GRC,"Life expectancy at birth, total (years)",SP.DYN.LE00.IN,77.59,77.69,78.14,77.84,77.99,77.89,78.39,78.64,78.84,79.04,79.24,79.44,79.44,79.94,80.19,80.39,80.73,80.63
Grenada,GRD,"Life expectancy at birth, total (years)",SP.DYN.LE00.IN,69.32,69.49,69.66,69.85,70.04,70.25,70.47,70.71,70.94,71.18,71.41,71.63,71.83,72.01,72.18,72.34,72.48,72.61
Guatemala,GTM,"Life expectancy at birth, total (years)",SP.DYN.LE00.IN,64.96,65.53,66.10,66.66,67.22,67.74,68.22,68.65,69.02,69.33,69.61,69.86,70.12,70.39,70.68,71.00,71.33,71.66
Guam,GUM,"Life expectancy at birth, total (years)",SP.DYN.LE00.IN,73.38,73.70,74.03,74.38,74.74,75.10,75.45,75.80,76.13,76.45,76.75,77.03,77.31,77.58,77.84,78.10,78.36,78.62
Guyana,GUY,"Life expectancy at birth, total (years)",SP.DYN.LE00.IN,62.85,62.98,63.11,63.23,63.35,63.48,63.64,63.82,64.04,64.27,64.53,64.79,65.05,65.29,65.51,65.70,65.88,66.05
High income,HIC,"Life expectancy at birth, total (years)",SP.DYN.LE00.IN,74.93,75.38,75.78,75.93,75.99,76.16,76.42,76.52,76.65,77.07,77.18,77.65,77.94,78.13,78.42,78.69,79.02,79.29
"Hong Kong SAR, China",HKG,"Life expectancy at birth, total (years)",SP.DYN.LE00.IN,78.68,79.63,80.13,80.13,80.38,80.88,81.42,81.48,81.33,81.78,81.58,82.38,82.33,82.38,82.78,82.98,83.42,83.48
Honduras,HND,"Life expectancy at birth, total (years)",SP.DYN.LE00.IN,68.86,69.26,69.63,69.95,70.24,70.48,70.70,70.89,71.08,71.27,71.47,71.70,71.96,72.23,72.53,72.85,73.17,73.49
Heavily indebted poor countries (HIPC),HPC,"Life expectancy at birth, total (years)",SP.DYN.LE00.IN,50.37,50.58,50.81,51.08,51.39,51.74,52.15,52.62,53.14,53.70,54.30,54.92,55.54,56.15,56.73,57.28,57.78,58.24
Croatia,HRV,"Life expectancy at birth, total (years)",SP.DYN.LE00.IN,72.08,72.37,72.50,72.32,72.64,72.81,74.51,74.72,74.61,75.52,75.24,75.84,75.71,75.91,76.17,76.48,76.78,76.92
Haiti,HTI,"Life expectancy at birth, total (years)",SP.DYN.LE00.IN,56.09,56.40,56.68,56.93,57.18,57.42,57.70,58.01,58.38,58.81,59.28,59.80,60.34,60.87,61.38,61.87,62.31,62.70
Hungary,HUN,"Life expectancy at birth, total (years)",SP.DYN.LE00.IN,69.79,70.33,70.70,70.56,70.68,71.25,72.25,72.35,72.30,72.65,72.65,73.10,73.15,73.70,73.90,74.21,74.86,75.06
Indonesia,IDN,"Life expectancy at birth, total (years)",SP.DYN.LE00.IN,65.47,65.84,66.21,66.56,66.91,67.25,67.59,67.91,68.24,68.55,68.85,69.15,69.42,69.69,69.93,70.17,70.39,70.61
India,IND,"Life expectancy at birth, total (years)",SP.DYN.LE00.IN,60.19,60.57,60.97,61.37,61.77,62.16,62.56,62.95,63.34,63.72,64.10,64.46,64.79,65.11,65.41,65.69,65.96,66.21
Ireland,IRL,"Life expectancy at birth, total (years)",SP.DYN.LE00.IN,75.57,75.83,75.99,76.18,76.08,76.54,77.13,77.63,78.14,78.54,78.94,79.24,79.64,80.10,80.19,80.74,80.75,80.90
"Iran, Islamic Rep.",IRN,"Life expectancy at birth, total (years)",SP.DYN.LE00.IN,67.80,68.20,68.55,68.88,69.23,69.61,70.00,70.40,70.78,71.15,71.49,71.83,72.16,72.48,72.81,73.13,73.45,73.76
Iraq,IRQ,"Life expectancy at birth, total (years)",SP.DYN.LE00.IN,70.95,71.03,71.04,71.00,70.93,70.83,70.67,70.43,70.12,69.77,69.41,69.09,68.86,68.73,68.73,68.83,69.02,69.24
Iceland,ISL,"Life expectancy at birth, total (years)",SP.DYN.LE00.IN,77.98,78.78,78.89,79.60,79.35,79.65,80.69,80.50,80.96,81.00,81.50,81.16,81.45,81.61,81.75,81.90,82.36,82.92
Italy,ITA,"Life expectancy at birth, total (years)",SP.DYN.LE00.IN,78.17,78.52,78.82,78.98,79.42,79.78,80.03,80.23,79.88,80.78,80.73,81.28,81.38,81.73,81.94,82.34,82.64,82.94
Jamaica,JAM,"Life expectancy at birth, total (years)",SP.DYN.LE00.IN,70.27,70.26,70.27,70.31,70.38,70.47,70.60,70.78,70.98,71.22,71.48,71.76,72.04,72.32,72.59,72.85,73.08,73.28
Jordan,JOR,"Life expectancy at birth, total (years)",SP.DYN.LE00.IN,70.93,71.10,71.26,71.43,71.61,71.78,71.96,72.13,72.30,72.47,72.64,72.80,72.96,73.12,73.28,73.44,73.59,73.75
Japan,JPN,"Life expectancy at birth, total (years)",SP.DYN.LE00.IN,79.54,80.20,80.42,80.50,80.57,81.08,81.42,81.56,81.76,82.03,81.93,82.32,82.51,82.59,82.93,82.84,82.59,83.10
Kazakhstan,KAZ,"Life expectancy at birth, total (years)",SP.DYN.LE00.IN,64.92,64.11,64.46,64.56,65.52,65.52,65.77,65.97,65.87,65.89,65.91,66.16,66.50,67.02,68.43,68.30,68.89,69.49
Kenya,KEN,"Life expectancy at birth, total (years)",SP.DYN.LE00.IN,55.96,55.13,54.35,53.67,53.15,52.84,52.78,52.95,53.35,53.93,54.70,55.60,56.59,57.61,58.62,59.55,60.37,61.08
Kyrgyz Republic,KGZ,"Life expectancy at birth, total (years)",SP.DYN.LE00.IN,65.79,66.54,66.89,67.05,67.00,68.56,68.71,68.11,68.26,68.15,67.96,67.70,67.85,68.45,69.10,69.30,69.60,70.00
Cambodia,KHM,"Life expectancy at birth, total (years)",SP.DYN.LE00.IN,57.75,58.48,59.26,60.08,60.96,61.89,62.88,63.91,64.97,66.02,67.04,67.98,68.82,69.54,70.15,70.64,71.05,71.41
Kiribati,KIR,"Life expectancy at birth, total (years)",SP.DYN.LE00.IN,62.58,63.01,63.43,63.85,64.24,64.61,64.96,65.29,65.62,65.94,66.26,66.58,66.91,67.23,67.56,67.88,68.21,68.53
"Korea, Rep.",KOR,"Life expectancy at birth, total (years)",SP.DYN.LE00.IN,73.39,73.83,74.25,74.68,75.37,75.84,76.34,76.84,77.25,77.85,78.43,78.97,79.35,79.83,80.30,80.55,80.97,81.37
Kuwait,KWT,"Life expectancy at birth, total (years)",SP.DYN.LE00.IN,72.90,73.00,73.10,73.19,73.27,73.36,73.43,73.51,73.59,73.66,73.74,73.82,73.90,73.98,74.07,74.16,74.26,74.36
Latin America & Caribbean (developing only),LAC,"Life expectancy at birth, total (years)",SP.DYN.LE00.IN,69.83,70.17,70.51,70.82,71.12,71.42,71.69,71.96,72.22,72.48,72.73,72.99,73.24,73.49,73.73,73.98,74.22,74.46
Lao PDR,LAO,"Life expectancy at birth, total (years)",SP.DYN.LE00.IN,58.08,58.84,59.58,60.30,60.99,61.64,62.27,62.87,63.44,63.98,64.50,65.00,65.49,65.97,66.44,66.90,67.35,67.81
Lebanon,LBN,"Life expectancy at birth, total (years)",SP.DYN.LE00.IN,72.07,72.51,72.97,73.43,73.91,74.39,74.89,75.42,75.97,76.52,77.07,77.60,78.08,78.52,78.91,79.25,79.56,79.85
Liberia,LBR,"Life expectancy at birth, total (years)",SP.DYN.LE00.IN,50.16,50.98,51.63,52.07,52.30,52.41,52.53,52.81,53.33,54.10,55.07,56.14,57.19,58.11,58.86,59.43,59.86,60.21
Libya,LBY,"Life expectancy at birth, total (years)",SP.DYN.LE00.IN,70.29,70.63,70.96,71.29,71.63,71.97,72.30,72.63,72.96,73.27,73.58,73.86,74.12,74.36,74.59,74.79,74.99,75.18
St. Lucia,LCA,"Life expectancy at birth, total (years)",SP.DYN.LE00.IN,71.18,71.16,71.16,71.19,71.28,71.42,71.64,71.93,72.26,72.63,73.01,73.37,73.71,73.99,74.23,74.41,74.55,74.67
Latin America & Caribbean (all income levels),LCN,"Life expectancy at birth, total (years)",SP.DYN.LE00.IN,70.05,70.38,70.71,71.03,71.33,71.63,71.91,72.18,72.44,72.69,72.94,73.19,73.43,73.68,73.92,74.16,74.40,74.64
Least developed countries: UN classification,LDC,"Life expectancy at birth, total (years)",SP.DYN.LE00.IN,53.51,53.86,54.23,54.61,55.01,55.43,55.86,56.32,56.80,57.30,57.81,58.33,58.84,59.34,59.83,60.29,60.72,61.13
Low income,LIC,"Life expectancy at birth, total (years)",SP.DYN.LE00.IN,54.26,54.47,54.71,54.99,55.31,55.68,56.08,56.52,56.99,57.48,58.00,58.52,59.06,59.61,60.14,60.65,61.14,61.58
Sri Lanka,LKA,"Life expectancy at birth, total (years)",SP.DYN.LE00.IN,69.42,69.38,69.53,69.89,70.45,71.16,71.90,72.57,73.09,73.43,73.60,73.64,73.62,73.62,73.66,73.76,73.90,74.07
Lower middle income,LMC,"Life expectancy at birth, total (years)",SP.DYN.LE00.IN,61.35,61.63,61.92,62.23,62.53,62.82,63.13,63.44,63.75,64.06,64.37,64.68,64.97,65.25,65.53,65.79,66.03,66.25
Low & middle income,LMY,"Life expectancy at birth, total (years)",SP.DYN.LE00.IN,64.22,64.45,64.71,64.98,65.28,65.60,65.92,66.22,66.53,66.82,67.10,67.37,67.64,67.89,68.15,68.39,68.63,68.85
Lesotho,LSO,"Life expectancy at birth, total (years)",SP.DYN.LE00.IN,56.84,55.11,53.13,51.06,49.02,47.18,45.67,44.54,43.82,43.53,43.66,44.15,44.88,45.74,46.63,47.48,48.22,48.84
Lithuania,LTU,"Life expectancy at birth, total (years)",SP.DYN.LE00.IN,69.01,70.11,70.91,71.22,71.57,72.02,71.66,71.76,72.06,71.96,71.25,71.06,70.90,71.81,72.91,73.27,73.56,73.86
Luxembourg,LUX,"Life expectancy at birth, total (years)",SP.DYN.LE00.IN,76.51,76.52,76.88,77.02,77.77,77.87,77.82,77.97,77.73,79.12,79.43,79.29,79.38,80.54,80.64,80.63,80.99,81.39
Latvia,LVA,"Life expectancy at birth, total (years)",SP.DYN.LE00.IN,66.39,68.78,69.35,69.01,69.74,70.31,70.76,70.96,71.27,72.03,71.36,70.87,71.02,72.42,73.08,73.48,73.58,73.78
"Macao SAR, China",MAC,"Life expectancy at birth, total (years)",SP.DYN.LE00.IN,76.50,76.73,76.96,77.19,77.41,77.62,77.83,78.04,78.25,78.45,78.65,78.85,79.06,79.27,79.48,79.69,79.91,80.13
Morocco,MAR,"Life expectancy at birth, total (years)",SP.DYN.LE00.IN,66.89,67.20,67.47,67.71,67.93,68.14,68.33,68.52,68.70,68.88,69.07,69.27,69.49,69.71,69.94,70.17,70.41,70.64
Moldova,MDA,"Life expectancy at birth, total (years)",SP.DYN.LE00.IN,66.73,66.63,66.60,66.63,66.73,66.90,67.10,67.32,67.52,67.70,67.86,67.99,68.11,68.23,68.34,68.46,68.58,68.69
Madagascar,MDG,"Life expectancy at birth, total (years)",SP.DYN.LE00.IN,54.61,55.43,56.23,57.02,57.77,58.47,59.11,59.70,60.24,60.73,61.19,61.62,62.05,62.47,62.91,63.35,63.80,64.25
Maldives,MDV,"Life expectancy at birth, total (years)",SP.DYN.LE00.IN,64.62,65.48,66.40,67.38,68.41,69.46,70.51,71.52,72.47,73.32,74.08,74.75,75.34,75.87,76.35,76.79,77.19,77.57
Middle East & North Africa (all income levels),MEA,"Life expectancy at birth, total (years)",SP.DYN.LE00.IN,68.24,68.58,68.88,69.15,69.42,69.67,69.91,70.12,70.32,70.53,70.72,71.03,71.23,71.35,71.56,71.77,71.98,72.19
Mexico,MEX,"Life expectancy at birth, total (years)",SP.DYN.LE00.IN,72.74,73.09,73.42,73.73,74.01,74.27,74.51,74.75,74.99,75.24,75.49,75.74,75.98,76.23,76.46,76.69,76.91,77.14
Middle income,MIC,"Life expectancy at birth, total (years)",SP.DYN.LE00.IN,65.68,65.92,66.20,66.48,66.79,67.12,67.43,67.74,68.03,68.31,68.57,68.81,69.04,69.26,69.49,69.70,69.91,70.11
"Macedonia, FYR",MKD,"Life expectancy at birth, total (years)",SP.DYN.LE00.IN,72.07,72.29,72.53,72.77,73.01,73.24,73.46,73.65,73.82,73.96,74.09,74.21,74.32,74.45,74.58,74.72,74.87,75.03
Mali,MLI,"Life expectancy at birth, total (years)",SP.DYN.LE00.IN,47.66,47.83,48.04,48.31,48.65,49.06,49.52,50.02,50.53,51.03,51.52,51.99,52.45,52.90,53.34,53.77,54.19,54.60
Malta,MLT,"Life expectancy at birth, total (years)",SP.DYN.LE00.IN,77.14,77.14,77.59,77.39,77.30,78.20,78.84,78.74,78.55,79.25,79.30,79.44,79.79,79.64,80.24,81.40,80.75,80.75
Myanmar,MMR,"Life expectancy at birth, total (years)",SP.DYN.LE00.IN,60.42,60.75,61.08,61.40,61.71,62.02,62.33,62.63,62.92,63.21,63.48,63.73,63.97,64.19,64.39,64.58,64.76,64.93
Middle East & North Africa (developing only),MNA,"Life expectancy at birth, total (years)",SP.DYN.LE00.IN,67.70,68.03,68.34,68.61,68.87,69.10,69.33,69.53,69.72,69.90,70.08,70.27,70.45,70.64,70.83,71.02,71.23,71.43
Montenegro,MNE,"Life expectancy at birth, total (years)",SP.DYN.LE00.IN,74.86,74.83,74.72,74.53,74.29,74.02,73.77,73.59,73.49,73.49,73.57,73.73,73.92,74.10,74.27,74.42,74.54,74.65
Mongolia,MNG,"Life expectancy at birth, total (years)",SP.DYN.LE00.IN,61.22,61.45,61.74,62.08,62.48,62.92,63.40,63.90,64.38,64.85,65.29,65.68,66.04,66.36,66.64,66.89,67.12,67.34
Mozambique,MOZ,"Life expectancy at birth, total (years)",SP.DYN.LE00.IN,45.81,46.28,46.68,47.01,47.26,47.43,47.53,47.59,47.66,47.74,47.85,48.02,48.23,48.49,48.80,49.14,49.49,49.84
Mauritania,MRT,"Life expectancy at birth, total (years)",SP.DYN.LE00.IN,59.19,59.30,59.40,59.49,59.58,59.67,59.77,59.87,59.99,60.11,60.24,60.39,60.54,60.70,60.86,61.02,61.19,61.35
Mauritius,MUS,"Life expectancy at birth, total (years)",SP.DYN.LE00.IN,70.33,70.32,70.40,70.61,70.96,71.66,71.77,71.97,72.12,72.28,72.43,72.43,72.57,72.57,72.88,72.97,73.27,73.57
Malawi,MWI,"Life expectancy at birth, total (years)",SP.DYN.LE00.IN,46.65,46.42,46.20,46.04,45.97,46.03,46.28,46.71,47.31,48.07,48.94,49.89,50.86,51.81,52.68,53.47,54.14,54.72
Malaysia,MYS,"Life expectancy at birth, total (years)",SP.DYN.LE00.IN,71.86,72.07,72.27,72.47,72.66,72.85,73.03,73.20,73.37,73.53,73.69,73.84,74.00,74.16,74.33,74.50,74.67,74.84
North America,NAC,"Life expectancy at birth, total (years)",SP.DYN.LE00.IN,75.86,76.22,76.63,76.79,76.81,76.89,77.01,77.11,77.27,77.62,77.63,77.89,78.09,78.20,78.35,78.77,78.88,78.99
Namibia,NAM,"Life expectancy at birth, total (years)",SP.DYN.LE00.IN,60.09,59.34,58.37,57.28,56.14,55.12,54.40,54.11,54.28,54.92,55.98,57.32,58.78,60.18,61.44,62.48,63.28,63.88
New Caledonia,NCL,"Life expectancy at birth, total (years)",SP.DYN.LE00.IN,72.01,72.00,71.74,74.38,73.88,74.92,74.83,75.10,75.27,75.51,75.17,76.46,75.95,76.12,76.28,75.83,76.04,76.25
Niger,NER,"Life expectancy at birth, total (years)",SP.DYN.LE00.IN,47.13,47.84,48.56,49.28,50.00,50.71,51.41,52.10,52.79,53.46,54.12,54.75,55.35,55.93,56.47,56.99,57.48,57.97
Nigeria,NGA,"Life expectancy at birth, total (years)",SP.DYN.LE00.IN,46.11,46.16,46.22,46.32,46.44,46.62,46.88,47.22,47.64,48.13,48.66,49.23,49.79,50.33,50.83,51.29,51.71,52.11
Nicaragua,NIC,"Life expectancy at birth, total (years)",SP.DYN.LE00.IN,67.34,67.82,68.27,68.72,69.18,69.65,70.12,70.59,71.04,71.49,71.91,72.32,72.71,73.08,73.44,73.80,74.13,74.47
Netherlands,NLD,"Life expectancy at birth, total (years)",SP.DYN.LE00.IN,77.40,77.44,77.79,77.88,77.84,77.99,78.19,78.29,78.49,79.10,79.35,79.70,80.10,80.25,80.55,80.70,81.20,81.10
High income: nonOECD,NOC,"Life expectancy at birth, total (years)",SP.DYN.LE00.IN,67.95,68.79,69.45,69.43,69.08,68.82,69.08,68.97,69.03,69.45,69.55,70.44,71.10,71.45,72.06,72.32,72.87,73.44
Norway,NOR,"Life expectancy at birth, total (years)",SP.DYN.LE00.IN,77.74,78.15,78.14,78.33,78.28,78.63,78.79,78.99,79.39,79.84,80.04,80.34,80.40,80.59,80.80,81.00,81.30,81.45
Nepal,NPL,"Life expectancy at birth, total (years)",SP.DYN.LE00.IN,58.81,59.50,60.17,60.81,61.44,62.04,62.62,63.18,63.72,64.24,64.75,65.24,65.72,66.19,66.65,67.10,67.55,67.98
New Zealand,NZL,"Life expectancy at birth, total (years)",SP.DYN.LE00.IN,76.73,76.79,77.33,78.09,77.89,78.64,78.69,78.85,79.15,79.55,79.85,80.05,80.15,80.35,80.70,80.70,80.90,81.16
High income: OECD,OEC,"Life expectancy at birth, total (years)",SP.DYN.LE00.IN,76.60,76.95,77.29,77.47,77.62,77.89,78.15,78.30,78.43,78.86,78.96,79.34,79.54,79.69,79.91,80.19,80.48,80.68
OECD members,OED,"Life expectancy at birth, total (years)",SP.DYN.LE00.IN,75.70,76.06,76.41,76.61,76.80,77.08,77.35,77.52,77.68,78.09,78.22,78.58,78.80,78.96,79.19,79.46,79.74,79.96
Oman,OMN,"Life expectancy at birth, total (years)",SP.DYN.LE00.IN,69.99,70.49,70.98,71.45,71.91,72.36,72.79,73.21,73.62,74.02,74.41,74.77,75.12,75.45,75.75,76.05,76.32,76.59
Other small states,OSS,"Life expectancy at birth, total (years)",SP.DYN.LE00.IN,58.64,58.23,57.82,57.23,56.74,56.33,56.01,55.94,55.93,56.11,56.41,56.82,57.31,57.80,58.30,58.76,59.18,59.56
Pakistan,PAK,"Life expectancy at birth, total (years)",SP.DYN.LE00.IN,62.55,62.81,63.07,63.34,63.61,63.89,64.16,64.43,64.69,64.94,65.17,65.39,65.60,65.78,65.96,66.13,66.28,66.44
Panama,PAN,"Life expectancy at birth, total (years)",SP.DYN.LE00.IN,74.13,74.33,74.53,74.73,74.92,75.12,75.30,75.49,75.66,75.84,76.01,76.18,76.36,76.55,76.75,76.95,77.16,77.37
Peru,PER,"Life expectancy at birth, total (years)",SP.DYN.LE00.IN,68.02,68.52,69.03,69.54,70.03,70.51,70.95,71.37,71.75,72.10,72.42,72.72,73.01,73.31,73.60,73.91,74.21,74.52
Philippines,PHL,"Life expectancy at birth, total (years)",SP.DYN.LE00.IN,66.02,66.18,66.34,66.50,66.65,66.80,66.94,67.08,67.22,67.35,67.49,67.63,67.77,67.92,68.07,68.23,68.39,68.55
Papua New Guinea,PNG,"Life expectancy at birth, total (years)",SP.DYN.LE00.IN,57.35,57.63,57.91,58.19,58.48,58.80,59.14,59.50,59.88,60.27,60.64,61.00,61.32,61.59,61.82,62.01,62.16,62.30
Poland,POL,"Life expectancy at birth, total (years)",SP.DYN.LE00.IN,71.89,72.25,72.65,73.00,73.04,73.75,74.20,74.50,74.60,74.85,75.00,75.14,75.24,75.54,75.70,76.25,76.75,76.80
Puerto Rico,PRI,"Life expectancy at birth, total (years)",SP.DYN.LE00.IN,74.13,74.36,74.67,75.01,75.38,76.69,77.07,77.76,78.07,78.18,78.30,78.42,78.43,78.56,78.01,78.18,78.36,78.54
"Korea, Dem. Rep.",PRK,"Life expectancy at birth, total (years)",SP.DYN.LE00.IN,66.12,65.12,64.44,64.19,64.40,64.98,65.80,66.65,67.35,67.86,68.16,68.29,68.37,68.49,68.66,68.90,69.19,69.50
Portugal,PRT,"Life expectancy at birth, total (years)",SP.DYN.LE00.IN,75.31,75.26,75.41,75.71,75.96,76.31,76.81,77.07,77.22,77.67,78.07,78.42,78.32,78.52,78.73,79.03,80.47,80.37
Paraguay,PRY,"Life expectancy at birth, total (years)",SP.DYN.LE00.IN,68.92,69.11,69.33,69.56,69.81,70.08,70.35,70.62,70.87,71.11,71.33,71.51,71.67,71.81,71.93,72.03,72.11,72.19
Pacific island small states,PSS,"Life expectancy at birth, total (years)",SP.DYN.LE00.IN,65.27,65.52,65.82,66.13,66.47,66.74,67.04,67.33,67.61,67.87,68.14,68.37,68.61,68.83,69.05,69.27,69.48,69.68
French Polynesia,PYF,"Life expectancy at birth, total (years)",SP.DYN.LE00.IN,70.54,70.94,71.34,71.72,72.09,72.45,72.80,73.15,73.51,73.87,74.23,74.57,74.89,75.19,75.45,75.69,75.92,76.13
Qatar,QAT,"Life expectancy at birth, total (years)",SP.DYN.LE00.IN,76.12,76.27,76.41,76.55,76.69,76.82,76.95,77.08,77.20,77.32,77.45,77.58,77.71,77.85,78.00,78.15,78.30,78.45
Romania,ROU,"Life expectancy at birth, total (years)",SP.DYN.LE00.IN,69.46,69.10,69.00,69.81,70.51,71.16,71.16,71.01,71.31,71.59,71.88,72.16,72.57,72.57,73.31,73.46,74.56,74.56
Russian Federation,RUS,"Life expectancy at birth, total (years)",SP.DYN.LE00.IN,65.22,66.19,66.95,66.78,66.04,65.34,65.49,65.09,65.01,65.42,65.47,66.64,67.50,67.85,68.60,68.86,69.66,70.46
Rwanda,RWA,"Life expectancy at birth, total (years)",SP.DYN.LE00.IN,31.24,35.14,39.18,42.74,45.57,47.64,49.13,50.44,51.86,53.46,55.19,56.98,58.65,60.09,61.28,62.21,62.92,63.49
South Asia,SAS,"Life expectancy at birth, total (years)",SP.DYN.LE00.IN,60.67,61.05,61.45,61.85,62.26,62.66,63.05,63.44,63.82,64.20,64.56,64.90,65.23,65.54,65.84,66.12,66.39,66.64
Saudi Arabia,SAU,"Life expectancy at birth, total (years)",SP.DYN.LE00.IN,71.04,71.38,71.71,72.02,72.32,72.61,72.90,73.17,73.43,73.69,73.94,74.18,74.41,74.64,74.86,75.08,75.29,75.50
Sudan,SDN,"Life expectancy at birth, total (years)",SP.DYN.LE00.IN,56.53,56.79,57.06,57.34,57.65,57.98,58.33,58.71,59.11,59.52,59.93,60.31,60.66,60.98,61.25,61.48,61.68,61.86
Senegal,SEN,"Life expectancy at birth, total (years)",SP.DYN.LE00.IN,57.38,57.32,57.30,57.36,57.51,57.77,58.17,58.68,59.26,59.90,60.55,61.17,61.72,62.19,62.56,62.84,63.04,63.20
Singapore,SGP,"Life expectancy at birth, total (years)",SP.DYN.LE00.IN,76.40,76.75,77.05,77.40,77.55,78.05,78.35,78.70,79.04,79.49,79.99,80.14,80.44,80.79,81.24,81.54,81.74,82.14
Solomon Islands,SLB,"Life expectancy at birth, total (years)",SP.DYN.LE00.IN,59.70,60.30,60.91,61.54,62.19,62.84,63.47,64.06,64.61,65.11,65.55,65.94,66.27,66.56,66.83,67.07,67.29,67.51
Sierra Leone,SLE,"Life expectancy at birth, total (years)",SP.DYN.LE00.IN,35.82,36.03,36.40,36.88,37.45,38.11,38.85,39.65,40.49,41.33,42.15,42.88,43.53,44.07,44.50,44.84,45.10,45.33
El Salvador,SLV,"Life expectancy at birth, total (years)",SP.DYN.LE00.IN,68.78,68.98,69.12,69.25,69.39,69.56,69.75,69.95,70.15,70.35,70.55,70.75,70.96,71.18,71.40,71.63,71.87,72.10
Somalia,SOM,"Life expectancy at birth, total (years)",SP.DYN.LE00.IN,47.16,48.08,48.98,49.76,50.40,50.88,51.22,51.50,51.77,52.05,52.36,52.68,53.02,53.35,53.69,54.02,54.36,54.69
Sub-Saharan Africa (developing only),SSA,"Life expectancy at birth, total (years)",SP.DYN.LE00.IN,49.93,49.93,49.94,49.98,50.07,50.22,50.45,50.76,51.16,51.64,52.20,52.81,53.46,54.11,54.75,55.36,55.93,56.44
South Sudan,SSD,"Life expectancy at birth, total (years)",SP.DYN.LE00.IN,46.85,47.40,47.91,48.38,48.82,49.23,49.62,49.99,50.34,50.70,51.08,51.48,51.92,52.40,52.91,53.47,54.05,54.64
Sub-Saharan Africa (all income levels),SSF,"Life expectancy at birth, total (years)",SP.DYN.LE00.IN,49.93,49.92,49.94,49.98,50.07,50.22,50.45,50.76,51.16,51.64,52.20,52.81,53.45,54.11,54.75,55.36,55.92,56.44
Small states,SST,"Life expectancy at birth, total (years)",SP.DYN.LE00.IN,61.94,61.68,61.47,61.06,60.77,60.53,60.33,60.37,60.34,60.50,60.77,61.09,61.47,61.86,62.25,62.60,62.92,63.21
Sao Tome and Principe,STP,"Life expectancy at birth, total (years)",SP.DYN.LE00.IN,62.57,62.72,62.86,63.00,63.14,63.29,63.48,63.70,63.97,64.26,64.58,64.89,65.19,65.45,65.67,65.85,66.00,66.13
Suriname,SUR,"Life expectancy at birth, total (years)",SP.DYN.LE00.IN,67.81,67.83,67.85,67.87,67.89,67.93,68.01,68.14,68.33,68.57,68.84,69.15,69.47,69.78,70.07,70.34,70.58,70.81
Slovak Republic,SVK,"Life expectancy at birth, total (years)",SP.DYN.LE00.IN,72.25,72.65,72.70,72.55,72.90,73.05,73.40,73.60,73.60,73.96,73.90,74.20,74.21,74.70,74.91,75.11,75.96,76.11
Slovenia,SVN,"Life expectancy at birth, total (years)",SP.DYN.LE00.IN,73.96,74.46,74.71,74.81,75.01,75.41,75.76,76.01,76.86,77.21,77.61,78.09,78.56,78.77,78.97,79.42,79.97,80.12
Sweden,SWE,"Life expectancy at birth, total (years)",SP.DYN.LE00.IN,78.74,78.96,79.20,79.34,79.44,79.64,79.80,79.85,80.10,80.50,80.55,80.75,80.90,81.10,81.35,81.45,81.80,81.70
Swaziland,SWZ,"Life expectancy at birth, total (years)",SP.DYN.LE00.IN,56.39,55.00,53.44,51.79,50.16,48.66,47.43,46.52,45.96,45.75,45.86,46.24,46.77,47.35,47.89,48.35,48.66,48.85
Syrian Arab Republic,SYR,"Life expectancy at birth, total (years)",SP.DYN.LE00.IN,71.91,72.21,72.50,72.78,73.06,73.33,73.61,73.90,74.19,74.47,74.72,74.90,75.00,75.02,74.96,74.87,74.77,74.71
Chad,TCD,"Life expectancy at birth, total (years)",SP.DYN.LE00.IN,46.43,46.48,46.52,46.57,46.62,46.69,46.79,46.93,47.12,47.37,47.67,48.03,48.43,48.86,49.31,49.77,50.24,50.70
Togo,TGO,"Life expectancy at birth, total (years)",SP.DYN.LE00.IN,54.73,54.34,54.00,53.75,53.59,53.55,53.59,53.69,53.82,53.97,54.14,54.34,54.57,54.84,55.14,55.47,55.81,56.15
Thailand,THA,"Life expectancy at birth, total (years)",SP.DYN.LE00.IN,70.53,70.56,70.62,70.68,70.78,70.92,71.11,71.35,71.64,71.98,72.33,72.68,73.02,73.32,73.59,73.81,74.01,74.19
Tajikistan,TJK,"Life expectancy at birth, total (years)",SP.DYN.LE00.IN,62.39,62.58,62.83,63.12,63.43,63.77,64.13,64.51,64.90,65.30,65.68,66.03,66.34,66.60,66.82,67.00,67.14,67.26
Turkmenistan,TKM,"Life expectancy at birth, total (years)",SP.DYN.LE00.IN,63.03,63.21,63.40,63.58,63.75,63.90,64.03,64.14,64.24,64.34,64.43,64.53,64.64,64.75,64.88,65.02,65.16,65.31
Timor-Leste,TLS,"Life expectancy at birth, total (years)",SP.DYN.LE00.IN,53.70,54.97,56.23,57.41,58.50,59.48,60.35,61.12,61.83,62.49,63.10,63.69,64.26,64.83,65.39,65.94,66.49,67.02
Tonga,TON,"Life expectancy at birth, total (years)",SP.DYN.LE00.IN,70.12,70.24,70.36,70.49,70.63,70.76,70.90,71.04,71.18,71.31,71.45,71.59,71.74,71.88,72.03,72.18,72.34,72.49
Trinidad and Tobago,TTO,"Life expectancy at birth, total (years)",SP.DYN.LE00.IN,68.38,68.43,68.47,68.51,68.55,68.60,68.65,68.72,68.81,68.90,69.01,69.12,69.24,69.36,69.48,69.60,69.71,69.82
Tunisia,TUN,"Life expectancy at birth, total (years)",SP.DYN.LE00.IN,71.35,71.55,71.90,72.05,72.50,72.60,72.85,73.00,73.05,73.30,73.50,73.90,74.20,74.30,74.45,74.60,74.85,75.10
Turkey,TUR,"Life expectancy at birth, total (years)",SP.DYN.LE00.IN,66.98,67.59,68.20,68.81,69.42,70.00,70.55,71.07,71.56,72.01,72.43,72.82,73.18,73.53,73.88,74.21,74.54,74.86
Tanzania,TZA,"Life expectancy at birth, total (years)",SP.DYN.LE00.IN,49.17,49.13,49.18,49.33,49.59,49.97,50.50,51.16,51.95,52.84,53.83,54.88,55.99,57.10,58.18,59.18,60.07,60.85
Uganda,UGA,"Life expectancy at birth, total (years)",SP.DYN.LE00.IN,45.97,46.05,46.32,46.76,47.36,48.11,48.97,49.91,50.89,51.87,52.84,53.79,54.72,55.62,56.49,57.30,58.02,58.65
Ukraine,UKR,"Life expectancy at birth, total (years)",SP.DYN.LE00.IN,67.12,67.31,67.30,67.97,68.19,67.86,68.29,68.28,68.21,68.19,67.96,68.08,68.22,68.25,69.19,70.28,70.81,70.94
Upper middle income,UMC,"Life expectancy at birth, total (years)",SP.DYN.LE00.IN,69.72,69.95,70.22,70.53,70.88,71.24,71.59,71.92,72.23,72.50,72.74,72.95,73.15,73.35,73.55,73.74,73.96,74.16
Uruguay,URY,"Life expectancy at birth, total (years)",SP.DYN.LE00.IN,73.54,73.77,74.00,74.22,74.44,74.66,74.87,75.09,75.30,75.51,75.72,75.92,76.12,76.30,76.46,76.62,76.76,76.91
United States,USA,"Life expectancy at birth, total (years)",SP.DYN.LE00.IN,75.62,76.00,76.43,76.58,76.58,76.64,76.74,76.84,76.99,77.34,77.34,77.59,77.84,77.94,78.09,78.54,78.64,78.74
Uzbekistan,UZB,"Life expectancy at birth, total (years)",SP.DYN.LE00.IN,66.32,66.43,66.57,66.71,66.83,66.94,67.03,67.11,67.19,67.27,67.35,67.44,67.53,67.63,67.74,67.86,67.98,68.10
St. Vincent and the Grenadines,VCT,"Life expectancy at birth, total (years)",SP.DYN.LE00.IN,70.58,70.59,70.59,70.58,70.57,70.58,70.63,70.73,70.87,71.04,71.25,71.47,71.69,71.88,72.05,72.18,72.30,72.40
"Venezuela, RB",VEN,"Life expectancy at birth, total (years)",SP.DYN.LE00.IN,71.87,71.99,72.10,72.21,72.32,72.44,72.58,72.73,72.89,73.07,73.25,73.45,73.64,73.83,74.00,74.17,74.33,74.49
Virgin Islands (U.S.),VIR,"Life expectancy at birth, total (years)",SP.DYN.LE00.IN,76.26,76.54,76.80,77.06,77.31,76.62,77.87,78.02,78.17,78.72,78.52,78.62,78.82,78.92,79.07,79.17,79.37,79.47
Vietnam,VNM,"Life expectancy at birth, total (years)",SP.DYN.LE00.IN,72.14,72.46,72.77,73.07,73.36,73.63,73.88,74.10,74.30,74.47,74.63,74.77,74.90,75.04,75.17,75.31,75.46,75.61
Vanuatu,VUT,"Life expectancy at birth, total (years)",SP.DYN.LE00.IN,65.46,65.90,66.33,66.75,67.16,67.56,67.93,68.30,68.65,68.99,69.32,69.63,69.94,70.25,70.55,70.84,71.13,71.41
World,WLD,"Life expectancy at birth, total (years)",SP.DYN.LE00.IN,66.44,66.69,66.96,67.19,67.42,67.69,67.99,68.24,68.50,68.80,69.04,69.34,69.59,69.82,70.08,70.32,70.56,70.78
Samoa,WSM,"Life expectancy at birth, total (years)",SP.DYN.LE00.IN,67.52,67.95,68.37,68.76,69.14,69.49,69.82,70.13,70.43,70.71,71.00,71.28,71.56,71.84,72.12,72.41,72.70,72.98
"Yemen, Rep.",YEM,"Life expectancy at birth, total (years)",SP.DYN.LE00.IN,59.24,59.50,59.75,59.99,60.23,60.46,60.68,60.90,61.12,61.33,61.53,61.74,61.94,62.14,62.33,62.53,62.72,62.91
South Africa,ZAF,"Life expectancy at birth, total (years)",SP.DYN.LE00.IN,61.37,60.61,59.61,58.44,57.16,55.84,54.57,53.44,52.52,51.87,51.56,51.61,52.00,52.64,53.47,54.39,55.30,56.10
"Congo, Dem. Rep.",COD,"Life expectancy at birth, total (years)",SP.DYN.LE00.IN,46.44,46.18,46.02,45.99,46.11,46.36,46.68,47.02,47.33,47.60,47.82,48.02,48.21,48.44,48.70,48.99,49.30,49.62
Zambia,ZMB,"Life expectancy at birth, total (years)",SP.DYN.LE00.IN,40.95,40.78,40.78,40.93,41.26,41.78,42.51,43.43,44.52,45.77,47.13,48.58,50.10,51.62,53.11,54.53,55.83,57.02
Zimbabwe,ZWE,"Life expectancy at birth, total (years)",SP.DYN.LE00.IN,51.34,49.52,47.80,46.24,44.93,43.92,43.25,42.91,42.87,43.18,43.89,45.08,46.75,48.81,51.15,53.59,55.95,58.05
